
INSERT INTO `users` (`api_key`, `name`, `surname`, `email`, `psw`, `date`) VALUES
('rSNFPN2i8HY2jV3jkC0S', 'Michele', 'X', 'michele@gmail.com', '$2y$10$2RDVzNbuFND/oYOFpxpyI.rzfTMuH89CLDeCh856C3cHGeCTjRWVq', '2024-03-31'),
('vO40dSqT9v8zHwLC8hrM', 'Manuel', 'X', 'manuel@gmail.com', '$2y$10$MOSyNUDv41N2GTRn4xTOMeV3tJNz6nCC6a4/hE.7ztUDRy33iCWk6', '2024-02-27');

INSERT INTO `projects` (`id_project`, `name`) VALUES
(0000000003, 'Geppetto'),
(0000000001, 'Pippo'),
(0000000002, 'Pluto');

INSERT INTO `activities` (`id_activity`, `date`, `time`, `api_key`, `id_project`, `id_os`) VALUES
(0000000001, DATE_ADD(CURDATE(), INTERVAL -7 DAY), 14400, 'vO40dSqT9v8zHwLC8hrM', 0000000001, 0000000001),
(0000000002, DATE_ADD(CURDATE(), INTERVAL -7 DAY), 14400, 'vO40dSqT9v8zHwLC8hrM', 0000000001, 0000000001),
(0000000003, DATE_ADD(CURDATE(), INTERVAL -7 DAY), 6900, 'vO40dSqT9v8zHwLC8hrM', 0000000001, 0000000003),
(0000000004, DATE_ADD(CURDATE(), INTERVAL -6 DAY), 10800, 'vO40dSqT9v8zHwLC8hrM', 0000000001, 0000000003),
(0000000005, DATE_ADD(CURDATE(), INTERVAL -6 DAY), 20460, 'vO40dSqT9v8zHwLC8hrM', 0000000001, 0000000002),
(0000000006, DATE_ADD(CURDATE(), INTERVAL -5 DAY), 5400, 'vO40dSqT9v8zHwLC8hrM', 0000000002, 0000000002),
(0000000007, DATE_ADD(CURDATE(), INTERVAL -5 DAY), 10, 'vO40dSqT9v8zHwLC8hrM', 0000000002, 0000000002),
(0000000008, DATE_ADD(CURDATE(), INTERVAL -4 DAY), 7260, 'vO40dSqT9v8zHwLC8hrM', 0000000002, 0000000001),
(0000000009, DATE_ADD(CURDATE(), INTERVAL -4 DAY), 7980, 'vO40dSqT9v8zHwLC8hrM', 0000000002, 0000000001),
(0000000010, DATE_ADD(CURDATE(), INTERVAL -2 DAY), 8460, 'vO40dSqT9v8zHwLC8hrM', 0000000003, 0000000002),
(0000000011, DATE_ADD(CURDATE(), INTERVAL -2 DAY), 5460, 'vO40dSqT9v8zHwLC8hrM', 0000000003, 0000000002),
(0000000012, DATE_ADD(CURDATE(), INTERVAL -1 DAY), 16860, 'vO40dSqT9v8zHwLC8hrM', 0000000003, 0000000002),
(0000000013, DATE_ADD(CURDATE(), INTERVAL -1 DAY), 31200, 'vO40dSqT9v8zHwLC8hrM', 0000000003, 0000000002),
(0000000014, CURDATE(), 6420, 'vO40dSqT9v8zHwLC8hrM', 0000000003, 0000000002),
(0000000015, CURDATE(), 3120, 'vO40dSqT9v8zHwLC8hrM', 0000000003, 0000000002),
(0000000016, DATE_ADD(CURDATE(), INTERVAL -2 DAY), 3600, 'rSNFPN2i8HY2jV3jkC0S', 0000000001, 0000000003),
(0000000017, DATE_ADD(CURDATE(), INTERVAL -1 DAY), 9660, 'rSNFPN2i8HY2jV3jkC0S', 0000000001, 0000000003),
(0000000018, CURDATE(), 12960, 'rSNFPN2i8HY2jV3jkC0S', 0000000001, 0000000003);

INSERT INTO `activities_languages` (`id_activity`, `ext`, `modify_rows`) VALUES
(0000000001, 'css', 100),
(0000000001, 'html', 20),
(0000000001, 'js', 120),
(0000000002, 'html', 30),
(0000000002, 'js', 100),
(0000000003, 'html', -10),
(0000000003, 'js', 430),
(0000000003, 'php', 140),
(0000000004, 'css', 1),
(0000000004, 'html', 20),
(0000000004, 'js', 50),
(0000000004, 'php', 110),
(0000000005, 'js', 75),
(0000000005, 'php', 80),
(0000000006, 'cpp', 100),
(0000000006, 'cs', 100),
(0000000006, 'java', 100),
(0000000006, 'jsx', 100),
(0000000006, 'py', 100),
(0000000006, 'rb', 100),
(0000000006, 'rs', 100),
(0000000006, 'ts', 100),
(0000000007, 'asm', 100),
(0000000007, 'cpp', 100),
(0000000007, 'jsx', -20),
(0000000007, 'py', 10),
(0000000007, 'rb', 20),
(0000000007, 'rs', -50),
(0000000007, 'ts', -40),
(0000000008, 'asm', 26),
(0000000008, 'cpp', -50),
(0000000008, 'jsx', 10),
(0000000008, 'rb', 10),
(0000000008, 'rs', 450),
(0000000008, 'ts', 30),
(0000000009, 'asm', -26),
(0000000009, 'cpp', -50),
(0000000009, 'jsx', 10),
(0000000009, 'lua', 100),
(0000000009, 'py', -10),
(0000000009, 'rb', -30),
(0000000009, 'rs', -400),
(0000000009, 'ts', 10),
(0000000010, 'java', 300),
(0000000011, 'java', 100),
(0000000011, 'xml', 147),
(0000000011, 'xsd', 100),
(0000000012, 'fxml', 124),
(0000000012, 'java', -3),
(0000000012, 'xml', 13),
(0000000012, 'xsd', 20),
(0000000013, 'fxml', 26),
(0000000013, 'java', 628),
(0000000013, 'php', 400),
(0000000013, 'xml', 40),
(0000000013, 'xsd', -20),
(0000000014, 'java', 25),
(0000000014, 'php', 20),
(0000000014, 'xsd', 10),
(0000000015, 'java', 10),
(0000000015, 'php', 75),
(0000000015, 'xml', 10),
(0000000015, 'xsd', 25),
(0000000016, 'html', 10),
(0000000016, 'js', 5),
(0000000016, 'php', 20),
(0000000017, 'html', 32),
(0000000017, 'php', 18),
(0000000018, 'css', 49),
(0000000018, 'js', 20),
(0000000018, 'php', 38);

INSERT INTO `users_projects` (`api_key`, `id_project`) VALUES
('rSNFPN2i8HY2jV3jkC0S', 0000000001),
('vO40dSqT9v8zHwLC8hrM', 0000000001),
('vO40dSqT9v8zHwLC8hrM', 0000000002),
('vO40dSqT9v8zHwLC8hrM', 0000000003);

INSERT INTO `projects_languages` (`id_project`, `ext`, `num_rows`) VALUES
(0000000001, 'css', 150),
(0000000001, 'html', 102),
(0000000001, 'js', 800),
(0000000001, 'php', 406),
(0000000002, 'asm', 100),
(0000000002, 'cpp', 100),
(0000000002, 'cs', 100),
(0000000002, 'java', 100),
(0000000002, 'jsx', 100),
(0000000002, 'lua', 100),
(0000000002, 'py', 100),
(0000000002, 'rb', 100),
(0000000002, 'rs', 100),
(0000000002, 'ts', 100),
(0000000003, 'fxml', 150),
(0000000003, 'java', 1060),
(0000000003, 'php', 495),
(0000000003, 'xml', 210),
(0000000003, 'xsd', 135);
