INSERT INTO `activities` (`id_activity`, `date`, `time`, `api_key`, `id_project`, `id_os`) VALUES
(0000000001, '2024-03-02', 14400, 'vO40dSqT9v8zHwLC8hrM', 0000000001, 0000000001),
(0000000002, '2024-03-03', 14400, 'vO40dSqT9v8zHwLC8hrM', 0000000001, 0000000001),
(0000000003, '2024-03-03', 6900, 'vO40dSqT9v8zHwLC8hrM', 0000000001, 0000000003),
(0000000004, '2024-03-05', 10800, 'vO40dSqT9v8zHwLC8hrM', 0000000001, 0000000003),
(0000000005, '2024-03-08', 20460, 'vO40dSqT9v8zHwLC8hrM', 0000000001, 0000000002),
(0000000006, '2024-04-01', 5400, 'vO40dSqT9v8zHwLC8hrM', 0000000002, 0000000002),
(0000000007, '2024-04-02', 10, 'vO40dSqT9v8zHwLC8hrM', 0000000002, 0000000002),
(0000000008, '2024-04-03', 7260, 'vO40dSqT9v8zHwLC8hrM', 0000000002, 0000000001),
(0000000009, '2024-04-04', 7980, 'vO40dSqT9v8zHwLC8hrM', 0000000002, 0000000001),
(0000000010, '2024-04-02', 8460, 'vO40dSqT9v8zHwLC8hrM', 0000000003, 0000000002),
(0000000011, '2024-04-03', 5460, 'vO40dSqT9v8zHwLC8hrM', 0000000003, 0000000002),
(0000000012, '2024-04-05', 16860, 'vO40dSqT9v8zHwLC8hrM', 0000000003, 0000000002),
(0000000013, '2024-04-06', 31200, 'vO40dSqT9v8zHwLC8hrM', 0000000003, 0000000002),
(0000000014, '2024-04-07', 6420, 'vO40dSqT9v8zHwLC8hrM', 0000000003, 0000000002),
(0000000015, '2024-04-08', 3120, 'vO40dSqT9v8zHwLC8hrM', 0000000003, 0000000002),
(0000000016, '2024-04-15', 3600, 'rSNFPN2i8HY2jV3jkC0S', 0000000001, 0000000003),
(0000000017, '2024-04-16', 9660, 'rSNFPN2i8HY2jV3jkC0S', 0000000001, 0000000003),
(0000000018, '2024-04-20', 12960, 'rSNFPN2i8HY2jV3jkC0S', 0000000001, 0000000003);

INSERT INTO `activities_languages` (`id_activity`, `ext`, `modify_rows`) VALUES
(0000000001, 'css', 100),
(0000000001, 'html', 20),
(0000000001, 'js', 120),
(0000000002, 'html', 30),
(0000000002, 'js', 100),
(0000000003, 'html', -10),
(0000000003, 'js', 430),
(0000000003, 'php', 140),
(0000000004, 'css', 1),
(0000000004, 'html', 20),
(0000000004, 'js', 50),
(0000000004, 'php', 110),
(0000000005, 'js', 75),
(0000000005, 'php', 80),
(0000000006, 'cpp', 100),
(0000000006, 'cs', 100),
(0000000006, 'java', 100),
(0000000006, 'jsx', 100),
(0000000006, 'py', 100),
(0000000006, 'rb', 100),
(0000000006, 'rs', 100),
(0000000006, 'ts', 100),
(0000000007, 'asm', 100),
(0000000007, 'cpp', 100),
(0000000007, 'jsx', -20),
(0000000007, 'py', 10),
(0000000007, 'rb', 20),
(0000000007, 'rs', -50),
(0000000007, 'ts', -40),
(0000000008, 'asm', 26),
(0000000008, 'cpp', -50),
(0000000008, 'jsx', 10),
(0000000008, 'rb', 10),
(0000000008, 'rs', 450),
(0000000008, 'ts', 30),
(0000000009, 'asm', -26),
(0000000009, 'cpp', -50),
(0000000009, 'jsx', 10),
(0000000009, 'lua', 100),
(0000000009, 'py', -10),
(0000000009, 'rb', -30),
(0000000009, 'rs', -400),
(0000000009, 'ts', 10),
(0000000010, 'java', 300),
(0000000011, 'java', 100),
(0000000011, 'xml', 147),
(0000000011, 'xsd', 100),
(0000000012, 'fxml', 124),
(0000000012, 'java', -3),
(0000000012, 'xml', 13),
(0000000012, 'xsd', 20),
(0000000013, 'fxml', 26),
(0000000013, 'java', 628),
(0000000013, 'php', 400),
(0000000013, 'xml', 40),
(0000000013, 'xsd', -20),
(0000000014, 'java', 25),
(0000000014, 'php', 20),
(0000000014, 'xsd', 10),
(0000000015, 'java', 10),
(0000000015, 'php', 75),
(0000000015, 'xml', 10),
(0000000015, 'xsd', 25),
(0000000016, 'html', 10),
(0000000016, 'js', 5),
(0000000016, 'php', 20),
(0000000017, 'html', 32),
(0000000017, 'php', 18),
(0000000018, 'css', 49),
(0000000018, 'js', 20),
(0000000018, 'php', 38);

INSERT INTO `languages` (`ext`, `name`) VALUES
('ai', 'Adobe Illustrator File'),
('asm', 'Assembly Language Source File'),
('asp', 'Active Server Pages'),
('aspx', 'ASP.NET Page'),
('bash', 'Bash Script'),
('bat', 'Batch File'),
('bmp', 'Bitmap Image'),
('c', 'C'),
('cfg', 'Configuration File'),
('cgi', 'CGI Script'),
('class', 'Java Class File'),
('cmd', 'Windows Command Script'),
('conf', 'Configuration File'),
('confi', 'Configuration File'),
('cpp', 'C++'),
('cs', 'C#'),
('cspro', 'C# Project File'),
('css', 'CSS'),
('csv', 'CSV Data'),
('dll', 'Dynamic Link Library'),
('doc', 'Microsoft Word Document'),
('docx', 'Microsoft Word Open XML Document'),
('ear', 'Java Enterprise Archive'),
('env', 'Environment File'),
('exe', 'Executable File'),
('fxml', 'FXML'),
('gif', 'GIF Image'),
('go', 'Go Source File'),
('hs', 'Haskell Source File'),
('htacc', 'Apache .htaccess File'),
('html', 'HTML'),
('htpas', 'Apache .htpasswd File'),
('ico', 'Icon File'),
('ini', 'Configuration File'),
('jar', 'Java Archive'),
('java', 'Java'),
('jpeg', 'JPEG Image'),
('jpg', 'JPEG Image'),
('js', 'JavaScript'),
('json', 'JSON Data'),
('jsp', 'JavaServer Pages'),
('jsx', 'JSX File'),
('kt', 'Kotlin Source File'),
('less', 'Less Stylesheet'),
('licen', 'License File'),
('log', 'Log File'),
('lua', 'Lua Script'),
('makef', 'Makefile'),
('md', 'Markdown Document'),
('mp3', 'MP3 Audio'),
('mp4', 'MP4 Video'),
('odp', 'OpenDocument Presentation'),
('ods', 'OpenDocument Spreadsheet'),
('odt', 'OpenDocument Text Document'),
('pdf', 'PDF Document'),
('php', 'PHP'),
('pl', 'Perl Script'),
('png', 'PNG Image'),
('ppt', 'Microsoft PowerPoint Presentation'),
('pptx', 'Microsoft PowerPoint Open XML Presentation'),
('proj', 'Generic Project File'),
('prope', 'Properties File'),
('ps1', 'PowerShell Script'),
('psd', 'Adobe Photoshop Document'),
('py', 'Python'),
('rar', 'RAR Archive'),
('rb', 'Ruby Source File'),
('readm', 'Readme File'),
('rs', 'Rust'),
('rst', 'reStructuredText Document'),
('rtf', 'Rich Text Format'),
('scala', 'Scala Source File'),
('scss', 'Sass Stylesheet'),
('setti', 'Settings File'),
('sh', 'Shell Script'),
('sln', 'Visual Studio Solution File'),
('sql', 'SQL'),
('svg', 'Scalable Vector Graphics'),
('tiff', 'TIFF Image'),
('tpl', 'Template File'),
('ts', 'TypeScript File'),
('tsv', 'Tab-Separated Values File'),
('tsx', 'React TypeScript File'),
('twig', 'Twig Template'),
('txt', 'Text Document'),
('vb', 'Visual Basic Source File'),
('vbpro', 'Visual Basic Project File'),
('vbs', 'VBScript File'),
('vcxpr', 'Visual C++ Project File'),
('vue', 'Vue.js Component'),
('war', 'Java Web Archive'),
('xls', 'Microsoft Excel Spreadsheet'),
('xlsm', 'Microsoft Excel Macro-Enabled Workbook'),
('xlsx', 'Microsoft Excel Open XML Spreadsheet'),
('xml', 'XML Document'),
('xsd', 'XML Schema Definition'),
('yaml', 'YAML Document'),
('yml', 'YAML Document'),
('zip', 'ZIP Archive');

INSERT INTO `oss` (`id_os`, `name`) VALUES
(0000000001, 'Windows'),
(0000000002, 'Linux'),
(0000000003, 'MacOS');

INSERT INTO `projects` (`id_project`, `name`) VALUES
(0000000003, 'Geppetto'),
(0000000001, 'Pippo'),
(0000000002, 'Pluto');

INSERT INTO `projects_languages` (`id_project`, `ext`, `num_rows`) VALUES
(0000000001, 'css', 150),
(0000000001, 'html', 102),
(0000000001, 'js', 800),
(0000000001, 'php', 406),
(0000000002, 'asm', 100),
(0000000002, 'cpp', 100),
(0000000002, 'cs', 100),
(0000000002, 'java', 100),
(0000000002, 'jsx', 100),
(0000000002, 'lua', 100),
(0000000002, 'py', 100),
(0000000002, 'rb', 100),
(0000000002, 'rs', 100),
(0000000002, 'ts', 100),
(0000000003, 'fxml', 150),
(0000000003, 'java', 1060),
(0000000003, 'php', 495),
(0000000003, 'xml', 210),
(0000000003, 'xsd', 135);

INSERT INTO `users` (`api_key`, `name`, `surname`, `email`, `psw`, `date`) VALUES
('rSNFPN2i8HY2jV3jkC0S', 'Ugolino', 'Parlotti', 'ugo@gmail.com', '$2y$10$2RDVzNbuFND/oYOFpxpyI.rzfTMuH89CLDeCh856C3cHGeCTjRWVq', '2024-03-31'),
('vO40dSqT9v8zHwLC8hrM', 'Attilio', 'Tosato', 'tilio@gmail.com', '$2y$10$MOSyNUDv41N2GTRn4xTOMeV3tJNz6nCC6a4/hE.7ztUDRy33iCWk6', '2024-02-27');

INSERT INTO `users_projects` (`api_key`, `id_project`) VALUES
('rSNFPN2i8HY2jV3jkC0S', 0000000001),
('vO40dSqT9v8zHwLC8hrM', 0000000001),
('vO40dSqT9v8zHwLC8hrM', 0000000002),
('vO40dSqT9v8zHwLC8hrM', 0000000003);
